Year,FieldID,irrigation_mm,cropType,ncrop,precip_mm,ETo_mm,ETr_mm,ensemble_et_mm,disalexi_et_mm,eemetric_et_mm,geesebal_et_mm,ptjpl_et_mm,sims_et_mm,ssebop_et_mm
2016,NB1,300.984584974,Corn,1,606.5,1476.5,2088.2,759.2451348465545,676.9091378775879,843.0693607274484,656.008860606896,753.7948196879418,918.0522594978132,773.2597216960015
2017,NB1,297.575356715,Corn,1,573.91,1480.5,2103.5,734.9508576447495,738.2761684979165,795.4758033961359,592.435444149761,677.5185048048775,929.879998622258,809.1008679778189
2018,NB1,369.860073969,Corn,1,601.55,1371.7,1912.29,775.704095339786,757.9177918230982,821.8144525195472,658.1467295835776,738.7799659008718,945.1134743223232,753.7063341714605
2019,NB1,255.20089173079998,Corn,1,654.55,1306.3,1807.64,637.3805238866121,591.6390658905386,678.3688561292324,512.610486343127,621.9361071883723,913.3521596114772,659.0811404264117
2020,NB1,342.5637281808,Corn,1,357.48,1568.81,2259.79,725.8754176282164,708.4831226535325,728.8396049323186,631.6800192883962,656.5453363414048,891.9559294595811,819.0031688079087
2021,NB1,286.76702997,Corn,1,442.48,1508.2,2149.32,697.1214135638759,681.9542847793892,743.3435831639862,570.6852460992667,635.8248544759415,898.0257207315818,793.9702407605143
2022,NB1,453.6148092278,Corn,1,291.52,1648.81,2397.78,751.0313005889852,749.3257500086114,871.9299676230502,461.01672235042895,560.1622980746049,931.3650501153865,953.3911497261744
2021,NC1,214.12199999999999,Corn,1,593.9,1351.1,1868,796.6820120335358,795.6792356974757,826.318616829924,761.0501278322887,850.5711755352892,926.3389519125416,778.4325811686975
2022,NC1,186.182,Corn,1,658.8,1449.9,2045.9,915.9047724969724,841.644379086583,1089.661990009584,831.7841048581764,770.9024025879519,1032.2357853516007,952.6155639587096
2021,NC2,194.81799999999998,Corn,1,600.26,1352.78,1870.34,922.2238447744226,1004.0349848011026,955.475091302732,871.8894580882195,895.0905919916028,978.8048417783808,964.8021245653556
2022,NC2,168.40199999999996,Corn,1,632.71,1457.08,2057.25,875.6328482078424,805.8868830231596,961.7510387735914,854.986441271022,751.1213724932758,1017.8163502963242,938.0846873838218
2016,NW1,294.19837284159996,Corn,1,606,1507.8,2137.3,748.3506440795896,669.4645007296027,859.7442622317142,487.86635227722974,779.4303302055451,966.2442477362996,768.2381886529895
2017,NW1,289.394253951,Corn,1,668.7,1503.1,2138,678.6422724944679,687.2621254143274,764.1986548255238,531.8055585083255,647.715609628821,892.5626153593416,715.4510393212282
2018,NW1,2.6191520388,Wheat,1,637.7,1426.5,2006.3,645.5997139571517,709.2280901808064,689.3639315429888,410.2752196055315,698.0560972545687,883.4285327741326,511.14101139339607
2019,NW1,309.2324967992,Corn,1,624.7,1344,1868.6,745.020264589635,744.0090064842823,836.2116040625817,559.3778278138017,695.080507532784,980.9237347918944,772.8485229172506
2020,NW1,453.65857045599995,Corn,1,334.9,1603.6,2315.5,831.4017645751396,777.8343464017552,978.2908939805378,739.0787777466395,751.784830065423,956.8708651829808,867.3581237135323
2021,NW1,366.5445044254,Corn,1,404.8,1537.2,2194.4,754.7655608275916,767.0436505252172,904.537074438786,556.3263111102523,668.889970139446,919.1437751857832,800.8244605289862
2022,NW1,429.9696626142,Corn,1,303.5,1674.9,2436.2,796.4236333239921,804.6462152472437,935.4288226824252,454.8495569234933,583.7666044974441,985.0045032421416,1011.6124699220152
2016,NW2,257.708948386,Corn,1,606,1507.8,2137.3,794.5599291306282,720.0002531048991,876.1608525271214,577.6144077781753,769.1193258681933,939.7283224381858,873.464430033951
2017,NW2,266.62321280279997,Corn,1,668.7,1503.1,2138,675.64530403135,665.5213960917113,697.8256107246657,544.7046789495274,647.1108599457134,910.988793562408,745.5508871763094
2018,NW2,250.04821463459996,Corn,1,637.7,1426.5,2006.3,815.1616816638591,841.6039344720145,851.8895502587781,608.3939621389982,806.6857222653762,1007.3518594482314,755.6277350602652
2019,NW2,358.6291625472,Corn,1,624.7,1344,1868.6,715.1163235204273,717.9785122668599,753.5475444460933,527.0586854255217,641.1618474912069,958.2607591401415,801.3860373373363
2020,NW2,407.1170480198,Corn,1,334.9,1603.6,2315.5,794.1071768330468,743.3343515714323,879.5936793597319,698.7614966354505,726.2498058074483,938.4333417701632,858.2734754793719
2021,NW2,284.032912502,Corn,1,404.8,1537.2,2194.4,773.0027143318467,783.3831920891628,892.8231233144525,548.3027309145814,690.5906595564555,955.2217198914268,835.0903148101278
2022,NW2,457.3548892508,Corn,1,303.5,1674.9,2436.2,841.1763355647295,852.9863497909705,978.1379945364254,507.01126753187816,591.1557118793475,995.6229347949412,1091.1615594752875
2016,NW3,356.6780320832,Corn,1,606,1507.8,2137.3,844.269794692434,774.8973560969829,916.5664236172864,598.6926610943152,825.548511075543,999.9772067105343,923.8043353686252
2017,NW3,292.1521234416,Corn,1,668.7,1503.1,2138,753.4698855889503,761.6458790285931,829.9218882763255,604.0301638113306,701.1304661410478,948.9125417432376,852.4769893492994
2018,NW3,402.26336941119996,Corn,1,637.7,1426.5,2006.3,819.1330645958071,879.4021281640881,856.4363427984273,632.4959886972159,787.1901713201732,983.6792143379377,784.0432746458002
2019,NW3,302.8272813394,Corn,1,624.7,1344,1868.6,706.2399865631238,688.7818384808428,744.7919358981959,535.4113166162786,654.4829371430831,938.545853340447,790.3112020076276
2020,NW3,341.60104262839997,Corn,1,334.9,1603.6,2315.5,762.9634931926415,720.9320054537912,829.6994684529811,669.6177208686545,706.6551662813447,913.4624854269174,837.4396328571149
2021,NW3,227.21019269579998,Soybeans,1,404.8,1537.2,2194.4,732.708291343095,747.3043847689056,850.4576935996997,523.4120279803191,681.1444464204558,939.822405991266,777.9295156796492
2022,NW3,513.3620397203999,Corn,1,303.5,1674.9,2436.2,860.8120220522854,870.4577627600926,1005.0081806864664,493.2847728575099,641.8665204418363,1057.552067895746,1078.276216728911
2016,NW4,345.4474050652,Corn,1,629.7,1504.2,2132,821.2828894376732,732.0446993635874,891.247103392726,597.2846154527028,791.9973003354667,955.5368260796446,870.2959540437436
2017,NW4,382.49097751079995,Corn,1,659.5,1497.9,2127.5,783.1643431848961,760.8219018030219,850.95938111297,660.3367853633926,731.7437265992193,977.960310505678,870.2342954760704
2018,NW4,333.89744243999996,Corn,1,653.3,1425.9,2002.2,821.7479841029592,849.442019172044,840.6797755295327,637.0566044416122,792.6201793285361,979.8585464298044,826.9100170831233
2019,NW4,373.7486372612,Corn,1,609.6,1345,1867.5,761.6195331793197,770.7996848916152,823.5659647538877,595.5442700726697,648.0285102277455,963.0753250661638,895.0356798286375
2020,NW4,433.9664658982,Corn,1,337.4,1597.2,2304.2,782.4174655018279,734.2642130699169,855.1352222133709,692.007355479434,702.5734264496315,946.484859750215,862.1373819449977
2021,NW4,381.2992593202,Corn,1,423.2000000000001,1534.6,2189.4,794.967798755499,800.1893040176319,937.9704541632368,562.1633695353922,707.2525381272295,969.3852377032496,876.5633093461499
2022,NW4,353.3052722298,Corn,1,312,1668.1,2427,819.8786655690982,830.1829398904202,944.0464696354128,495.11501456048586,600.5685139453163,986.9888118820646,1048.4444355930857
2016,NW5,287.1446956612,Corn,1,629.7,1504.2,2132,812.2068137446306,723.4429324482621,860.9476962124165,595.873760249902,781.8235454900425,944.031462319406,880.6871339320576
2017,NW5,281.983458384,Corn,1,659.5,1497.9,2127.5,774.47478524014,779.8857379929711,846.6343420538849,653.6001171417412,709.885503709488,959.2013373682148,883.8117336977739
2018,NW5,384.60620063619996,Corn,1,653.3,1425.9,2002.2,815.4040316282698,855.2290413900815,824.9687036313935,652.9940745802418,788.81323701679,969.2765326044508,792.7635786802028
2019,NW5,263.7774274606,Corn,1,609.6,1345,1867.5,730.4497559547049,734.5483209683715,748.0727840687229,539.6138520109329,644.8340980085901,942.61764935572,848.3807594689572
2020,NW5,328.684549513,Corn,1,337.4,1597.2,2304.2,767.8698652869969,719.0450117141737,811.2754685669656,692.3614603670438,682.4841858648961,905.265911753221,832.1625732135881
2021,NW5,241.75758958519998,Soybeans,1,423.2000000000001,1534.6,2189.4,722.2964467005072,728.2190550566181,874.5222764545097,510.3000488090587,632.827196407653,876.7056813744628,812.2800273330727
2022,NW5,390.01109899579995,Corn,1,312,1668.1,2427,889.6117922686446,903.8616165560323,1024.613363920343,525.8663803201872,652.1523525966415,1066.2354744240529,1109.2844494338142
2018,NW6,386.218441811,Corn,1,573.1700000000001,1396.23,1949.1,845.3943759824838,870.9322998540309,949.6000238603192,672.61251543903,759.3888249494723,975.4623778913092,790.9480616999778
2019,NW6,322.2314523862,Corn,1,633.72,1323.18,1832.11,687.073644172468,680.6354213451606,782.518161913317,612.2979101167753,640.1579132045814,926.368319110712,672.7053952391648
2020,NW6,357.1920807884,Fallow,1,360.76,1559.31,2237.99,443.1923913653717,422.19947226588823,531.6505515944308,436.10626964967435,328.724694026499,467.6112522456771,487.66538709858526
2021,NW6,558.4138011788,Wheat,1,435.04,1496.09,2123.2799999999997,767.0145758477432,858.817152762183,970.5803250617564,593.6280807882326,618.7843518414553,906.7408488659332,741.601181787559
2022,NW6,841.5148732788,Corn,1,384.65,1613.32,2331.57,853.2992785762409,866.4325174039972,1038.370634965192,526.0171794295982,521.7636424882103,901.4898874354368,1057.341897316416
2018,NW7,361.14552789799995,Fallow,1,574.01,1395.82,1948.57,346.53509961998805,354.01732428880933,428.58953013460257,197.62140142770895,373.1073693930462,517.1805945235645,248.4622651560892
2019,NW7,263.6944721528,Wheat,1,632.79,1322.55,1831.29,704.1464502610364,662.4907696132402,871.0864722804279,599.3720921973223,663.7126611499807,910.048073303264,538.5637177256102
2020,NW7,390.5812130956,Corn,1,360.71,1558.76,2237.3,776.7974642184895,749.437035195511,920.9962424974254,706.0439535461877,724.2867706076643,972.9158006889942,757.5728735305612
2021,NW7,418.94010491719996,Corn,1,434,1495.61,2122.51,730.7881379408321,741.1043861206806,854.9278474269279,490.3373938984979,613.8179706644887,949.4844124018898,769.1810775295667
2022,NW7,509.4207344458,Corn,1,384.25,1612.86,2330.84,662.7243598394718,646.412963028732,808.3087331746992,406.126149802891,493.8268565543206,880.5329047838907,759.5902688496647
2016,SW1,437.7484481234,Corn,1,496.4,1668.1,2379.5,879.4554604786074,823.1244597534443,1000.3046192893398,789.6096156635241,842.7915591007974,976.3473531544594,895.3486366932557
2017,SW1,405.2701742434,Corn,1,650.2,1607.2,2289.7,864.8961711385058,860.6399709934733,968.1650616388685,823.7150906453949,800.0475344452497,976.2688107324144,837.216395939086
2018,SW1,436.7543701268,Corn,1,560.6,1609.8,2283.6,908.0624728063812,965.5120232052208,1096.3297316896296,821.8064249456124,860.189405366207,942.632494561276,841.906374184191
2019,SW1,409.6183171092,Corn,1,434.6,1514.6,2130.7,895.2193908629438,865.5764104423491,1049.1908339376355,799.922835387962,827.7954532269756,995.8212690355324,840.6297026831033
2020,SW1,588.4081792392,Corn,1,349.7,1658.9,2381,809.520696156635,812.6473821609861,907.3509572153732,737.5356490210294,803.9606091370556,916.3711820159532,686.4945322697604
2021,SW1,521.0916448352,Other,1,435.3,1635.5,2340.4,1109.8403770848438,1052.5714140681653,1422.192197244379,975.9868527918776,939.9778390137776,1259.9377157360402,1079.1145322697605
2022,SW1,524.066290448,Corn,1,224,1722.9,2503.2,863.6297461928931,877.1680855692529,1057.4089775199418,750.2462146482954,680.3840319071788,929.3396301667872,904.2016533720084
2022,SW2,204.21599999999998,Wheat_Corn,2,286.4,1723.3,2509.6,609.5944678515505,636.7128432369606,729.9309813227436,357.23784041196495,634.3424459618706,960.6980321888066,524.5281208129531
2022,SW3,163.06799999999998,Wheat_Corn,2,286.4,1723.3,2509.6,466.9956978244106,585.786246009498,650.4190693752838,326.1833072704606,443.22874314498415,626.4472821348015,423.6460757961187
2022,SW4,470.91599999999994,Wheat_Corn,2,244.4,1730.2,2516.5,843.42174561113,859.5375472882278,1062.4962779588925,660.1812468401881,729.6737657118955,1018.3498021303676,834.4970690015869
2022,SW5,539.242,Wheat_Corn,2,225,1723,2504,851.5522680540414,881.0695251369666,1051.05268205843,694.4983025820075,725.0061134648029,1017.7614023708652,861.3549604625811
2022,SW6,561.5939999999999,Wheat_Corn,2,231.09,1723.36,2503.94,828.1687385881086,822.0856635162269,1089.1274494029092,641.9294124231336,724.5050404706772,1029.5226279006315,815.0641304575951
2016,WC1,526.542,Corn,1,569.5,1628.7,2323,798.6785118440042,809.3652176973709,850.8291999577631,608.8414768927528,734.47366160994,980.2503678152827,857.5633240646229
2017,WC1,182.62599999999998,Wheat_Sunflowers,2,679.4,1583.5,2261.8,976.4457850832426,980.9139206645316,1115.0208299602268,811.57434092429,927.9799373482105,1151.117109570237,920.681074231812
2018,WC1,273.81199999999995,Corn,1,622.4,1590.2,2261,826.3628946534794,839.9167857519975,917.804118123262,724.0066171553274,856.0224279328428,1000.006391890465,681.2981380451233
2019,WC1,178.816,Triticale_Sunflowers,2,534.6,1463.1,2053.5,898.6826792439548,907.1357924747456,949.3388265108586,781.0292492344515,847.6987223258596,1098.562092147408,851.0794129034531
2020,WC1,360.67999999999995,Corn,1,363.5,1653.1,2379.3,800.4136285241633,769.1859139065856,874.0011896800536,687.9323431065434,832.6776811798248,1006.2143817535464,735.4265671746858
2021,WC1,513.0799999999999,Triticale_Corn,2,462.2999999999999,1618.3,2319,938.8785822392738,958.610629685685,1080.9896378163387,782.4098553377215,838.4785188835311,1139.549329485059,967.2990320650454
2022,WC1,125.476,Triticale,1,242.6,1734.5,2532.1,694.7478300658196,715.0863890746541,938.2810812713386,432.6892823202282,600.5816268346767,986.0752525430294,703.9379888071522
2016,WC10,328.67599999999993,Sunflowers_Wheat,2,563.43,1624.03,2314.48,884.1961869664391,851.7347445222936,1110.6661886753202,651.9407241197406,825.8527910484357,1209.5742211589186,906.5093579808456
2017,WC10,418.84599999999995,Corn,1,635.74,1580.37,2253.81,774.0880742397337,726.9928672793874,875.054245826244,611.701703680038,790.889212503065,1070.6505189797238,728.2963199619588
2018,WC10,246.38,Triticale_Sunflowers,2,595.64,1580.17,2245.06,844.8576056348495,785.6678083972927,1082.197598650727,723.5770370975771,820.8927862932886,1156.6102636877652,763.3176735442936
2019,WC10,354.838,Triticale_Corn,2,483.13,1462.02,2050.64,900.5199604728399,880.0889435400585,957.6606459570108,710.0360871083506,839.3946474875735,1077.739700277136,867.9592989130034
2020,WC10,185.166,Triticale,1,396.95,1639.08,2355.26,808.477676813457,763.4678470328627,953.777525986136,729.885148338299,775.2063733830644,1091.6775935983833,734.041213751291
2021,WC10,215.138,Triticale,1,455.64,1608.54,2302.24,775.0529827403022,762.5939698791154,1018.8758832314196,551.1901984530914,717.6025960131066,1104.075800016346,727.0837723176143
2022,WC10,333.502,Triticale_Corn,2,261.31,1722.68,2509.71,1045.1371265537814,998.5803136911088,1405.4690135298797,756.0521208698948,854.6296929215179,1315.0838466167877,1108.129897244244
2016,WC11,374.904,Corn,1,563.7,1622.9,2313.3,826.4311147106464,849.8100500662644,913.34330731851,588.4668237372994,777.6839567074069,999.1184140774556,849.4237888381682
2017,WC11,423.418,Cane_Triticale,2,638.9,1579,2251.9,997.5203946399648,959.5493079075248,1143.9237520247386,848.1847886909145,927.0130540421146,1207.7888308054778,996.7176630834928
2018,WC11,458.46999999999997,Corn,1,595.4,1578.9,2244,910.1735090561036,870.0245471948166,1036.394095125902,805.7233029008984,871.3056324547196,1062.2082903843325,847.6618318362539
2019,WC11,122.93599999999999,Triticale,1,479.3,1460.1,2047.9,581.8983213076131,610.0322485642763,573.9580695037552,502.3315711971728,610.7561478427331,808.2833382417907,486.4512074804889
2020,WC11,565.6579999999999,Corn_Triticale,2,395.2,1638.2,2354.1,1106.3118465616255,1075.056074215874,1278.349433073185,1043.0654542777206,1019.8395008098956,1228.202856722132,1063.0247386246504
2021,WC11,433.32399999999996,Triticale_Corn,2,459.9,1606.6,2299.4,983.0418126932703,987.7899646591076,1237.5063171845088,780.0081063171847,846.0108157855987,1173.0203872772788,973.0506847297896
2022,WC11,110.23599999999999,Triticale,1,259.5,1721.4,2508.1,779.1805698718894,791.1371742011487,1070.928206449713,551.5473199823294,599.0714254159917,993.4611176557208,799.8484170225298
2016,WC12,749.0459999999999,Triticale_Corn,2,562.33,1628.9,2320.22,1077.9969157464984,1049.6913176286837,1250.5955080615663,850.216896173351,898.7732777113259,1297.0830573651383,1197.44392491029
2017,WC12,572.262,Triticale_Corn,2,620.41,1586.4,2263.45,1063.428978143319,1068.5152779288053,1183.1869828685535,896.3893276920494,948.861129508991,1260.5837542878046,1112.8154192904242
2019,WC12,764.0319999999999,Triticale_Corn,2,502.79,1470.6,2063.52,1003.660455322809,1041.988997518758,1054.4557874237587,827.2553109461344,880.1102225209819,1095.183513083364,1087.4334562421536
2020,WC12,898.906,Triticale_Corn,2,405.68,1643.1,2361.13,1076.5584278215488,1072.70994177483,1180.0445931652157,1027.6702320109928,981.2924010715806,1151.3251811504665,1094.012416097431
2021,WC12,754.6339999999999,Triticale_Corn,2,434.7,1617.3,2315.82,1079.88002056169,1110.7068476359004,1341.7984855524476,873.5658023507551,934.2364001225794,1267.508269160431,1106.8346859893832
2022,WC12,716.5339999999999,Triticale_Corn,2,270.8,1728.32,2517.42,1085.3063296394787,1062.992042230548,1460.1964333376172,798.2441107563344,864.1762769501479,1282.1568916260544,1204.405905554622
2016,WC13,579.882,Corn_Triticale,2,562,1628.9,2320.2,1051.0142775432782,1041.6120808867718,1274.978120316539,796.2597325494685,900.9937807253168,1281.8822826692926,1136.504289779104
2017,WC13,640.0799999999999,Corn_Triticale,2,620.3,1586.4,2263.4,1017.2224965428366,1000.3994309255066,1242.352080452364,809.3580970033088,900.3441452660389,1216.2801280055608,1080.854914964632
2018,WC13,726.1859999999999,Triticale_Corn,2,597,1585.4,2249.9,1073.1252470695565,1046.6794358487975,1245.749730305027,967.2559242392432,990.8856131307064,1196.9801837545888,1035.9668112279994
2019,WC13,585.7239999999999,Triticale_Corn,2,502.5,1470.6,2063.4,953.6273286079398,988.1435428869308,1007.0518610763183,760.1980176514458,852.4516395282332,1056.569465460943,1004.4835467966032
2020,WC13,865.6320000000001,Triticale_Corn,2,405.7,1643.1,2361.1,1029.0831384530734,1020.8236086273432,1141.5867983405617,971.1703241407774,968.4411847754476,1143.9851866868426,1013.178628573911
2016,WC14,759.968,Corn_Triticale,2,562,1628.9,2320.2,1062.90689489567,1045.0734862983752,1264.2806270563192,804.7258743163525,896.0123217856916,1251.308732769929,1163.00447282971
2017,WC14,547.624,Corn_Triticale,2,620.3,1586.4,2263.4,1033.1356041545707,1019.5990222853006,1202.3141661111472,865.087320531292,914.4303521636598,1204.576134873019,1099.8174741414534
2018,WC14,610.108,Triticale_Corn,2,597,1585.4,2249.9,1050.087922642984,1009.187894687798,1202.4769441398048,903.1032048111596,979.7270642037432,1191.0785038958063,1013.8037689324706
2019,WC14,563.626,Triticale_Corn,2,502.5,1470.6,2063.4,923.1960877076032,968.9798220903313,981.1404425520934,710.3991355396427,818.9902300210024,1053.994172418984,986.6108781512304
2020,WC14,717.2959999999999,Triticale_Corn,2,405.7,1643.1,2361.1,1055.453074712026,1037.9000494591746,1165.8429348644174,987.5256578428634,986.4271050613224,1162.7739213957525,1002.4273846131792
2021,WC14,671.576,Triticale_Corn,2,434.1,1617.3,2315.8,1029.5647090868692,1084.4319506268416,1251.8764309112676,850.5965278225779,894.5650459826967,1162.70392591159,1055.7838490706697
2016,WC15,293.878,Sunflowers_Corn_Triticale,3,562,1628.9,2320.2,865.2842799054648,836.8487148246551,1023.0224667146184,641.5853970024805,818.8039722267073,1125.7966545806846,879.7460182317277
2017,WC15,257.30199999999996,Cane_Corn_Triticale,3,620.3,1586.4,2263.4,853.4384055311714,834.1651571422277,903.5583429972254,724.1608047208723,821.4537380913932,1130.1162456145498,850.1071077316028
2018,WC15,425.196,Triticale_Corn,2,597,1585.4,2249.9,851.8932005343274,821.3117889699511,1021.460277732924,738.0105177399699,852.1106454501414,1082.5212850285511,763.4657311040322
2019,WC15,600.4559999999999,Triticale_Corn,2,502.5,1470.6,2063.4,961.3511075554508,953.9920731617806,1057.8917252616588,778.0543869177808,841.7697180100697,1116.3139615107964,947.565264301337
2020,WC15,431.03799999999995,Triticale_Corn,2,405.7,1643.1,2361.1,870.6136106748086,812.2436842182522,995.5383350703868,786.3126623900883,849.8606784786339,1096.392672078446,793.1436739427211
2021,WC15,306.07,Triticale_Corn,2,434.1,1617.3,2315.8,914.1360333514376,913.2513101302052,1163.4700321477324,697.7616810768756,849.1536632268102,1189.8121339342067,874.2677583195101
2022,WC15,75.81899999999999,Triticale_Corn,2,270.6,1728.3,2517.4,787.5908356942585,782.7521321726874,1066.6022929113512,515.7758539700246,694.5794959118062,1103.4747515523388,765.5167050775799
2016,WC16,129.286,Wheat_Sunflowers,2,561.54,1631.26,2327.57,926.4483720331529,886.0600842409376,1202.146706522594,669.4668649928129,917.8606019865986,1231.8979740698096,842.0207741870892
2017,WC16,383.53999999999996,Cane,1,655.79,1587.39,2266.86,741.4634824831768,662.6407746161601,878.3341533356695,582.329712450925,723.7217474631176,998.2069981478436,773.6190278681607
2018,WC16,137.414,Triticale,1,645.66,1593.43,2267.68,710.9494411350357,683.0642676830882,814.337514391756,561.1534858442328,746.9340374865021,986.3751582199276,596.1610517960197
2019,WC16,200.152,Corn_Triticale,2,531.9300000000001,1468.76,2062.31,892.5728741320252,881.1579410313436,931.923253502292,669.3123779829373,869.0927722991769,1111.203222323133,855.7036907256304
2020,WC16,251.714,Corn,1,376.27,1653.02,2379.91,760.9941503321725,686.6840535766643,794.8877049707875,638.2672540171773,837.5156932714518,1010.1589207434372,678.6927065082917
2021,WC16,270.764,Triticale_Corn,2,482.27,1616.6,2317.35,941.9272581648636,903.1519340374864,1189.7751882548969,697.2991625964517,867.4711485515278,1213.0818810472192,904.4678804608222
2022,WC16,236.72799999999998,Corn_Corn,1,280.46,1729.66,2520.64,685.4783640953397,694.6095954575684,812.1164856225461,407.9679412458792,600.4728076260217,937.570199589522,705.1960854423364
2016,WC17,289.56,Corn,1,561.82,1630.4,2326.23,754.3577118134147,744.112253230566,911.2426721297376,549.6973367525283,709.6236067734444,1014.6905031374451,789.273559496862
2017,WC17,57.403999999999996,Wheat_Sunflowers,2,656.92,1586.37,2265.27,1005.1102260680204,1007.4593493023116,1110.394601873871,793.5318328987704,937.0965373484996,1229.214091286782,940.2398426979162
2018,WC17,270.002,Cane,1,644.15,1592.33,2265.95,777.8437437322708,752.4003968367665,861.6230552133171,683.1371522305947,754.1531904529951,960.265651413999,664.2199793702182
2019,WC17,89.408,Triticale,1,530.55,1467.73,2060.75,669.3404845133373,698.0707214692983,665.3067247356805,568.1613850605996,683.2090126357407,956.0591745222196,609.1876880318611
2020,WC17,209.04199999999997,Triticale_Sunflowers,2,375.82,1652.1,2378.46,963.2293129136692,909.6558479699715,1063.9058049912603,895.0456648806619,955.1092017420698,1201.8635067763094,905.0166900661866
2021,WC17,78.74,Triticale,1,479.57,1616.09,2316.5699999999997,631.9097088908622,660.3456419586827,644.4848500042974,442.0851408269101,671.3706412423709,977.9148305206148,577.1138935847106
2022,WC17,151.13,Triticale,1,277.74,1729.61,2520.88,605.3849746425599,624.5962866393509,753.2117274576653,390.7284676656827,582.5746110426632,941.1840563307636,519.4726583765504
2016,WC18,196.088,Cane_Wheat_Sunflowers,3,576.8,1632.6,2328.8,895.7852029471425,946.9800851799444,1070.2856107234718,753.0987097538704,664.5402443869762,1030.4755647876427,984.0498462996912
2017,WC18,180.84799999999998,Cane_Wheat_Sunflowers,3,687,1590.2,2270.5,862.0218247467953,839.0643659252339,938.06673590732,723.1805229295768,830.3844389764465,1086.6032231756365,884.9657328472546
2018,WC18,200.78700000000003,Corn_Sunflowers_Wheat,3,632.4,1598.2,2276,843.5896863956058,879.1418922215793,852.0409728079409,721.859069712326,862.150486891908,1019.0587476735838,718.6875736262817
2019,WC18,121.79299999999998,Corn_Sunflowers_Triticale,3,538.8,1469.9,2064.8,790.1034776001841,826.7446832240121,767.0980545235291,593.0599744878399,792.1089215884457,1021.421710430012,746.7981472316519
2016,WC19,267.20799999999997,Wheat_Sunflowers,2,557.01,1620.09,2309.4,973.8676669763088,903.222991994214,1223.3893478368775,744.1861823957795,916.483850152103,1236.3159059160564,988.1401331697666
2017,WC19,536.702,Corn,1,693.86,1576.15,2248.3,893.0576856257492,882.112237010984,1050.862405423229,801.4438850400289,783.3385830680102,1027.3957935939527,979.281847641874
2018,WC19,466.09000000000003,Corn,1,606.34,1581.49,2248.93,823.2557242435631,843.0427660736193,897.7441552087248,831.1049899661759,744.3156860937578,892.4781134992164,752.175701835871
2019,WC19,230.124,Triticale_Sunflowers,2,542.37,1452.38,2034.71,955.5077540543034,980.3470994093162,992.1373251171798,839.0479354431546,826.1682916970991,1100.8011955496622,962.3192457967848
2020,WC19,516.89,Corn,1,373.19,1645.98,2367.57,917.5940449430236,865.9848322614042,1115.98846287485,802.5993206781873,882.5481233557646,1049.5735092857194,876.2535543847458
2021,WC19,387.09599999999995,Triticale_Corn,2,474.39,1611.46,2306.88,999.3608560305768,976.3238620650532,1241.9658708153988,816.4985498819342,854.318862880523,1211.5670989838538,1013.5286088084922
2022,WC19,506.222,Triticale_Corn,2,209.98,1732.88,2529.37,1033.1544783475035,1034.2067960545446,1361.1002531501954,779.1537266970638,817.6608283755133,1195.5503215787496,1118.5630570899782
2016,WC2,340.86799999999994,Wheat_Sunflowers,2,569.5,1628.7,2323,956.7428391986396,960.522189839742,1154.2157519988143,711.7856522874341,923.2849572010246,1226.998376955592,939.2559399896968
2017,WC2,456.9459999999999,Corn,1,679.4,1583.5,2261.8,783.2663204171931,769.759697690337,903.671989781877,660.8266941408098,771.2096338270679,979.8493320819424,786.4396827301017
2018,WC2,343.40799999999996,Wheat_Sunflowers,2,622.4,1590.2,2261,965.2033251240216,962.1745760678572,1170.5824612409936,823.8064343125699,932.3293227670788,1113.14999753015,838.4472263582411
2019,WC2,283.71799999999996,Corn,1,534.6,1463.1,2053.5,823.217318589504,846.0729946580668,845.7417665779873,621.0674410235058,801.3289205343345,1046.0282903697014,794.9842705826728
2020,WC2,332.74,Triticale_Sunflowers,2,363.5,1653.1,2379.3,824.3517419500527,788.4469793732226,899.0146285698156,720.8231869535456,867.1467373279044,1117.140880254606,735.0301392289833
2021,WC2,181.356,Triticale,1,462.2999999999999,1618.3,2319,651.5191272255114,623.7542428497836,715.7251056743042,431.7664791932763,700.618619847716,1011.0831916109776,565.9733609015659
2022,WC2,355.092,Triticale_Corn,2,242.6,1734.5,2532.1,849.139228983339,828.6651871087934,1113.544990085316,560.4791368226435,789.4253364288791,1171.456562391944,824.0570676527249
2016,WC20,530.8599999999999,Corn,1,602.19,1609.84,2292.72,881.4683562165746,840.8993678298783,1074.8045282007142,623.509052168146,801.3844525660745,1088.4695768129034,928.3799935089678
2017,WC20,265.42999999999995,Wheat_Sunflowers,2,694.51,1567.49,2234.85,908.0515119872435,846.3188014167384,1019.8077807724328,760.5503690010867,869.189672202859,1149.2238700664625,873.7539404800543
2018,WC20,599.44,Corn,1,611.71,1571.25,2231.77,883.877432373319,850.6478685424811,1065.014633045,845.0019190878688,850.1972356668125,1034.8605204114751,762.9857126730353
2019,WC20,500.888,Triticale_Corn,2,559.53,1440.02,2015.06,995.8243470162416,989.6783905061596,1112.3926298559277,825.4213597301988,880.4916110460441,1166.816974049981,967.202449659221
2020,WC20,409.956,Wheat_Sunflowers,2,391.22,1637.29,2353.61,1106.0866552838418,1041.0287228188015,1354.433763246645,1023.4221993311417,1066.1343996500489,1210.8303018330112,1014.4389419617028
2021,WC20,711.454,Corn,1,501.37,1598.82,2288.42,849.8970183583333,861.8815880452116,1088.0454090056023,669.6024595368791,801.1219396898416,1065.0386145878902,842.2589286974189
2022,WC20,456.692,Triticale_Corn,2,211.8,1719.95,2507.44,974.7929431188002,952.8126419913358,1332.734876599828,718.425289627048,805.0745833744903,1199.9403742221343,1016.3677240464532
2016,WC21,373.126,Corn,1,609.83,1608.4,2290.15,835.9680836079889,800.1634834784079,905.7024211949632,609.2958111496098,795.6690258880533,1058.6891461731316,852.0909391813856
2017,WC21,548.132,Corn,1,694.68,1566.2,2232.69,805.4972464013072,744.6995901292995,944.2778176850052,649.4814642665992,777.8705667765289,1022.8650666215948,821.8893560381983
2018,WC21,676.9099999999999,Wheat_Corn,2,612.74,1569.74,2229.24,916.7758246711176,877.4182723457,1106.3426504971972,814.6566945547763,880.1613777852898,1085.3466999070397,833.8112622890785
2019,WC21,461.77199999999993,Triticale_Corn,2,562.48,1438.1,2011.68,857.4497028085298,842.8596791458915,900.0901856390321,684.7290205357898,839.2384081241726,1064.5250570438604,803.6666314544071
2020,WC21,748.538,Triticale_Corn,2,394.14,1636,2351.5,906.281007915716,840.6402433871376,1048.9719921687931,818.2047874588017,917.7717893461788,1133.8721090734953,813.0631567086396
2021,WC21,318.0079999999999,Triticale_Corn,2,506.16,1596.9,2285.54,956.1370742837826,931.5153807149496,1196.4546536522157,767.3687709512944,862.2254288853209,1197.5760091833572,896.7917054001521
2022,WC21,544.3219999999999,Triticale_Corn,2,212.1,1717.91,2503.81,872.0445223809122,856.2497323868278,1190.155610017183,612.627116256796,744.0153102904308,1089.9090678610664,868.7874165469451
2016,WC22,299.974,Corn,1,575.15,1631.82,2327.63,821.3064993776738,840.6578491823918,810.2547604400636,627.7773501766836,743.1371836506962,1016.1681139930472,860.7043591467689
2017,WC22,61.976,Wheat_Sunflowers,2,685.29,1588.86,2268.76,991.7957767636163,1031.0178185667894,973.3246112247672,850.6351163822087,940.8021645517106,1166.524678464642,970.6867623285028
2018,WC22,269.23999999999995,Corn,1,630.1800000000001,1596.6,2272.98,851.12587447603,899.9581181418907,915.135853159559,759.6576345870471,832.1926350877699,983.223987467632,768.1060601725345
2019,WC22,152.654,Triticale_Sunflowers,2,537.89,1468.54,2062.54,912.9576031130634,967.7343023505346,940.8192391879712,832.7405971473128,844.242750253938,1063.030772972432,868.989835333839
2020,WC22,281.686,Corn,1,370.45,1657.42,2388.49,780.055551581568,774.5248143750268,773.3180803731099,665.0630123463856,814.5466029556934,966.811613900056,733.4635545572899
2021,WC22,303.27599999999995,Triticale_Corn,2,479.97,1621.18,2324.52,932.0703014349278,949.3811785576336,1070.6048012131791,727.053548691684,860.0246999241765,1185.0379833760142,927.8266284210076
2022,WC22,55.626,Triticale,1,255.52,1736.9,2535.2,659.5772757836307,700.1703743973447,790.5019671239934,426.4962588878239,581.2191304596633,973.8152906336288,630.0942931944664
2016,WC23,143.764,Wheat_Sunflowers,2,569.5,1628.7,2323,961.5104018762224,987.078100606805,1136.6927402321255,742.6818544655655,916.6371811445238,1233.9386624847232,954.0755857898708
2017,WC23,353.82199999999995,Cane,1,679.4,1583.5,2261.8,769.9953871475896,748.6870324453766,853.5099073897466,659.8033356644835,725.8501282132786,995.9593249553192,778.8217870741231
2018,WC23,195.32599999999996,Wheat_Sunflowers,2,622.4,1590.2,2261,910.209323189296,912.485034720014,1054.870705914764,775.886133892809,897.365496146537,1062.021354751661,793.0538566413062
2019,WC23,220.218,Corn,1,534.6,1463.1,2053.5,751.0486292128477,790.0509109147288,724.2492988888179,608.2643665981446,743.8001497587609,968.8797832736412,701.4220936557381
2020,WC23,300.22799999999995,Sunflowers_Triticale,2,363.5,1653.1,2379.3,911.507053496372,884.2404617090859,962.2552892392677,820.8179442077967,923.6647522975956,1150.314719449565,844.9498378790764
2021,WC23,150.62199999999999,Triticale,1,462.2999999999999,1618.3,2319,720.1259880899397,725.5943656798125,844.4159478952531,507.7772055862841,706.5169714822581,991.9503676860146,686.280161909
2022,WC23,236.474,Triticale_Corn,2,242.6,1734.5,2532.1,812.6571372058683,826.0735301389502,1037.5966261894157,576.6551875163353,742.4295957219852,1084.7094891954698,780.3832270187406
2018,WC24,424.68799999999993,Corn,1,632.3,1590.1,2260.4,905.9172805634172,868.9080415073419,1026.638387809919,787.098684352654,912.9221125249342,1085.2943823946655,757.8576335630497
2019,WC24,464.312,Triticale_Corn,2,518,1471.4,2068.1,984.5435416621664,1017.7789179574704,1050.0500766920868,746.1280073739622,884.6351256958098,1133.768058646043,983.3393102752998
2020,WC24,328.42199999999997,Triticale_Sunflowers,2,383,1647.1,2368,950.472423253905,994.425363837341,1097.1985064846224,923.7729770211788,929.4709038144414,1092.3436957664533,909.8250484276324
2021,WC24,353.31399999999996,Triticale_Corn,2,501.3,1611.2,2306.3,917.8206629364792,966.5893696846626,1095.3655224063316,721.0350119178785,857.4973607840598,1099.8708908523988,869.8284545644395
2022,WC24,525.78,Triticale_Corn,2,306.8,1717.3,2499.5,1045.003348527728,1024.1891018024444,1366.4278194243416,732.0324987217988,865.9045273535112,1229.8485385296726,1100.2991711493737
2019,WC25,321.56399999999996,Corn,1,518,1471.4,2068.1,802.8854494195455,815.6607219823778,837.0382753820825,590.5624792442433,797.074826711511,1016.6870915090408,750.6643467324255
2020,WC25,706.882,Corn_Triticale,2,383,1647.1,2368,1030.496399980216,1023.3929992156976,1190.1867912129842,995.9996891052592,984.3882439393192,1226.4699739272364,967.0046987500616
2021,WC25,528.3199999999999,Triticale_Corn,2,501.3,1611.2,2306.3,1001.3731090180672,1014.0524281585846,1187.61715432391,787.6177690476021,906.7040211408424,1189.4529524401703,948.0629137903016
2022,WC25,164.592,Triticale_Corn,2,306.8,1717.3,2499.5,735.7288008648526,746.2830555300402,1048.3064786224536,484.29238237226826,625.6134871791248,1016.2816211747582,727.5625357705596
2019,WC26,189.992,Triticale_Sunflowers,2,409.7,1472.7,2068.7,813.3007011693278,801.6578753286727,839.0812063105237,615.9995510806128,797.0799023065904,1022.6071046837252,774.6903471643254
2020,WC26,562.6099999999999,Corn,1,427.2,1648.6,2370.4,768.1917473652704,732.6871192201627,828.7674009705208,668.6802197567282,821.4128561961561,994.5377038842214,730.5910878813141
2021,WC26,568.706,Triticale_Corn,2,379.8,1626,2331.9,952.689839457876,931.5884959062822,1163.552106714551,720.9320795656166,850.0859466854781,1164.7633339746462,1002.4430887791528
2022,WC26,440.94399999999996,Wheat_Corn,2,239.5,1743,2542,1028.0585786357124,1019.8685948823183,1324.814131340986,737.026422112486,834.5921353598833,1217.0022820068828,1131.662989803116
2019,WC27,755.904,Corn,1,409.7,1472.7,2068.7,769.2675567102746,767.5091040023723,802.304269244075,567.2162862448021,728.0716882823476,958.131529712442,819.151622764595
2020,WC27,597.154,Sunflowers_Triticale,2,427.2,1648.6,2370.4,940.5078473040998,866.3572835549028,1062.1001334359405,847.1988619114522,899.9437027414381,1130.3538170445,872.9420224370065
2021,WC27,268.47799999999995,Triticale_Sunflowers,2,379.8,1626,2331.9,810.0745546840252,805.4217069916198,990.3510424241572,573.8317859941684,796.3792828347725,1040.1584922444772,820.8054306309615
2022,WC27,444.2459999999999,Triticale_Corn,2,239.5,1743,2542,888.5499749366359,868.4354600715897,1127.4449347293512,616.832569665563,709.1010653694906,1098.5998333815774,1007.8163031890484
2016,WC3,200.406,Wheat_Sunflowers,2,569.5,1628.7,2323,945.7045810995776,955.7977358275348,1145.3232220257785,721.7180763088853,921.3781011178276,1217.8710077563587,926.526976160602
2017,WC3,394.20799999999997,Cane,1,679.4,1583.5,2261.8,742.6363493783504,675.5129819208393,879.3873759552866,614.6609587087942,708.1960904528343,995.6053809741072,765.1326993270214
2018,WC3,301.49799999999993,Sunflowers_Wheat,2,622.4,1590.2,2261,909.1742543059196,895.7369254020757,1109.801949070377,797.9983032964523,906.2698542831068,1071.2671452606362,783.1739121136076
2019,WC3,288.544,Corn,1,534.6,1463.1,2053.5,798.6061081327704,811.89961645945,812.8651904870533,590.7542488878748,783.1777190030796,1042.994603342078,759.2822730124328
2020,WC3,351.028,Triticale_Sunflowers,2,363.5,1653.1,2379.3,936.2031552982774,894.9429893350059,1027.333594730238,852.4114719972623,927.4921937378804,1178.41604169043,869.8325396372758
2021,WC3,174.244,Triticale,1,462.2999999999999,1618.3,2319,734.9661514771301,717.380147142694,847.2408249686323,509.2994040150564,722.1101716664764,1060.5025878293598,694.8656324854567
2022,WC3,331.97799999999995,Triticale_Corn,2,242.6,1734.5,2532.1,834.4290164822629,816.4201836432072,1075.3863351203374,579.950717178054,762.865083551956,1158.911144062963,832.1694065814985
2016,WC4,413.004,Corn,1,569.5,1628.7,2323,821.2188346833443,833.5365093663931,868.585331275705,618.4699736397133,744.9251353087549,1005.5303660166433,894.6453839962784
2017,WC4,195.32599999999996,Wheat_Sunflowers,2,679.4,1583.5,2261.8,980.6406657264585,972.403578205876,1128.415783683204,779.2052041260863,908.9340918991958,1171.8042988680584,937.796073277167
2018,WC4,374.65,Corn,1,622.4,1590.2,2261,817.2215371665275,820.6554481617945,929.3049597211864,698.843854065908,842.6234466259571,1005.4361113777496,674.3303527257423
2019,WC4,189.23,Triticale_Sunflowers,2,534.6,1463.1,2053.5,913.7640274383266,914.1899269738834,976.4959647348096,782.5788039665954,846.1542925917996,1118.3738065878565,887.1045550870923
2020,WC4,373.634,Corn,1,363.5,1653.1,2379.3,819.7350237390256,763.853652413406,905.0200692603612,719.6373503850668,832.3215290443104,1023.34230715272,774.2973986753402
2021,WC4,493.52199999999993,Triticale_Corn,2,462.2999999999999,1618.3,2319,974.5938153007804,985.0670452112146,1131.0869446433978,793.655027283266,844.8010869003405,1180.8424880566486,1011.3577245977656
2022,WC4,107.696,Triticale,1,242.6,1734.5,2532.1,649.1765105478066,674.0714238246783,865.5141068145402,422.4029284284986,589.8559635533961,956.9206680892852,622.5670784384669
2016,WC5,391.15999999999997,Corn,1,569.5,1628.7,2323,867.9196239785131,888.8070175438597,913.1226284359104,677.6267429567404,761.0468312474999,1013.1310432024686,951.8330547459854
2017,WC5,135.89,Sunflowers_Wheat,2,679.4,1583.5,2261.8,1020.9606548945654,1023.7075047145552,1153.8022815589463,858.9313532201841,940.7981884679124,1168.9155594605406,986.3646494085376
2018,WC5,349.25,Corn,1,622.4,1590.2,2261,857.7345991199496,876.2661794959711,963.3938939367964,759.972569861135,827.5925338590777,979.9393036744956,747.4368249614265
2019,WC5,180.086,Sunflowers_Triticale,2,534.6,1463.1,2053.5,947.6459940568031,984.2662580718898,1003.2816875250014,837.3664852277275,867.8663137893594,1115.7324704268815,935.633000457169
2020,WC5,370.078,Corn,1,363.5,1653.1,2379.3,864.7565218012456,848.8117392422423,900.9713697925596,760.0341448082747,852.3285687753586,1014.7598077032974,841.3414980856048
2021,WC5,481.83799999999997,Triticale_Corn,2,462.2999999999999,1618.3,2319,981.2396065489456,1020.9639979427396,1077.008321904109,790.4941639522258,834.489442253843,1154.9391608091894,1031.793188182182
2022,WC5,101.85399999999998,Triticale,1,242.6,1734.5,2532.1,733.463376478656,769.1521586947825,924.7464569403966,496.3304545974055,594.6444153951655,962.4279315960912,755.352105834619
2016,WC6,250.69799999999998,Sunflowers_Wheat,2,569.5,1628.7,2323,978.892926209406,991.21741514341,1173.1189288916228,747.9811207516138,939.118165719494,1225.7527544586303,962.0485836858996
2017,WC6,403.09799999999996,Corn,1,679.4,1583.5,2261.8,758.2402732600791,720.9411171950834,895.6908189651983,608.5616131828727,759.9764750338985,986.5609166956872,748.9373680193835
2018,WC6,243.58599999999998,Wheat_Sunflowers,2,622.4,1590.2,2261,967.7683957825484,960.8252928580432,1197.2455413705982,855.9369382719713,947.7219830620248,1111.3981906152062,846.760423227107
2019,WC6,294.64,Corn,1,534.6,1463.1,2053.5,831.7936545571752,851.8544119499423,861.837170187385,651.9137837777763,797.5120736794535,1024.6653304979886,806.3443684565403
2020,WC6,369.31600000000003,Sunflowers_Triticale,2,363.5,1653.1,2379.3,887.7942621311029,871.3029719256393,959.6003719537952,778.5191274645647,896.7989152582564,1140.3509406281728,825.8679045367992
2021,WC6,110.99799999999999,Triticale,1,462.2999999999999,1618.3,2319,700.2740825263222,683.6374932388879,795.4546357149741,497.8992464601412,675.272341308359,1012.0721234708776,652.9052332861602
2022,WC6,326.898,Triticale_Corn,2,242.6,1734.5,2532.1,955.341841838134,925.8817231389348,1264.9983625141713,651.6110119069673,810.1988100442347,1243.162318561384,963.1141942606496
2016,WC7,235.20399999999998,Corn/milo,1,561.6,1625.7,2319,744.4938684976404,719.2457898900848,927.1742674691304,538.4231372382808,689.6844466107201,984.8505552259048,815.9296360656665
2017,WC7,328.92999999999995,Wheat-Silage_Cane,2,659,1581.1,2256.7,958.0044361560848,912.22280382018,1096.882985787347,784.488083128479,871.720274928654,1157.3239806730526,988.5266381283376
2018,WC7,161.798,Triticale,1,638.1999999999999,1587.1,2256.4,724.0783391257662,701.4608163092308,874.5084343477154,641.3339125766437,714.6811053657709,968.9733830634906,667.68057557006
2019,WC7,124.20599999999999,Triticale,1,521.4,1463.3,2052.8,730.5859187364017,750.2960003955808,810.8332273741911,592.5657864993924,658.8164999576162,999.4014085501962,666.5772018309739
2020,WC7,223.26599999999996,Triticale,1,374.7,1646.8,2369.8,854.2612881806107,793.2778036789014,1005.7291896244805,788.5558969794579,779.8517490322396,1097.0345285524563,802.3541931564519
2021,WC7,427.736,Triticale_Corn,2,465.5,1612.8,2311.8,968.4308934474864,958.5004803481108,1209.7649402390437,790.434001582323,854.0841810064702,1220.1866434969338,987.3443530841172
2022,WC7,176.276,Triticale_Corn,2,266.8,1728.5,2520.5,684.9274603712806,701.061555197649,987.9599121245512,451.08757169901946,599.0207679918622,1022.8327187703084,660.6541493600067
2016,WC8,424.434,Corn,1,561.64,1622.58,2314.37,880.6955820798391,873.0117880226591,915.593727352058,721.2326840307051,830.9786647143217,1014.2550990223484,938.8650293591278
2017,WC8,257.302,Wheat-Silage_Cane,2,658.53,1579.75,2254.12,923.9088979603912,930.2607859667804,963.6387717974887,737.4150138291108,858.0990445341736,1123.381261924835,1001.6495762523851
2018,WC8,453.39,Corn_Wheat,2,619.38,1584.46,2253.76,990.224859860082,994.532383783704,1064.483146233601,895.4405718004466,930.5705802310276,1104.2573028057566,946.7695345431958
2019,WC8,220.218,Sunflowers_Triticale,2,501.13,1460.74,2049.94,934.1120379819852,980.7876824777032,915.3767804055556,780.966070609812,853.9083876883939,1055.9189407049146,933.4921018769136
2020,WC8,544.068,Corn,1,371.25,1644.8,2365.96,902.8286817233884,860.556336986585,963.3043661534368,825.162791557587,895.9648060226885,1056.8650663353596,900.0651077487391
2021,WC8,338.582,Triticale_Corn,2,457.15,1610.64,2306.8,1004.559731404653,993.2552247415364,1115.0147683069324,817.8706793273285,888.0682285426927,1248.361627545814,1041.0610921299792
2022,WC8,154.68599999999998,Triticale,1,249.34,1725.95,2515.11,733.3051796305335,760.5840247888657,950.0963748502464,504.82385262753104,606.8032938427178,1019.5981792903524,713.8473103489079
2016,WC9,227.076,Wheat_Sunflowers,2,561.64,1622.58,2314.36,990.1363413036356,957.0868519786796,1303.0804945954796,758.6552720126252,921.2638611797634,1248.5109430366554,999.3268618050798
2017,WC9,378.714,Cane,1,658.5,1579.74,2254.14,756.4459771312864,680.9198403954381,856.7517791739866,592.3179436024178,731.9245823779888,1021.384673793288,770.8343060477026
2018,WC9,305.56199999999995,Wheat_Sunflowers,2,618.97,1584.46,2253.76,934.122070690528,889.0889586993418,1118.5987627668758,774.6486540809336,906.5682041509094,1111.1113063156952,836.8958699341928
2019,WC9,388.87399999999997,Corn,1,500.67,1460.74,2049.92,761.7556799571211,779.7764642825238,777.9418902420867,555.4612303844206,759.5489086740313,1023.19513593187,736.2218533186433
2020,WC9,436.87999999999994,Sunflowers_Triticale,2,371.14,1644.8,2365.96,926.506409492898,867.312077539231,1106.401229788881,834.7826430039005,920.5945269928236,1132.0216329690616,820.7189723967483
2021,WC9,164.084,Triticale,1,457.03,1610.64,2306.76,660.2903850162284,663.5543578596313,762.7221213113777,466.45035434594865,692.1922996754308,1004.06701307209,599.2665187743797
2022,WC9,600.9639999999998,Triticale_Corn,2,248.94,1725.94,2515.06,1045.7909284459397,994.0203600035732,1448.1649346395498,722.7545037667867,881.4312970848346,1368.3945448590057,1098.0778816663192
