,iteration,obj_variable,MAE,RMSE,R^2,Pearson r,Data_set,prms
0,1,Irrigation,82.13306006742664,116.56263802944216,-0.15705685221802668,0.47804320278118245,withoutET_full_data,"{'SMT1': 31.111087676398355, 'SMT2': 62.87672847403152, 'SMT3': 59.09184418750054, 'SMT4': 46.135064354960925, 'CCx': 0.8891841312274309, 'WP': 33.42269532504816, 'Kcb': 1.0268777229946815, 'HI0': 0.5452506709778013, 'a_HI': 3.5782411992961567, 'Zmax': 2.0887784511503154}"
1,1,Yield,2.4220544470575307,3.3643149864866135,-0.5913353854183885,0.4445819474904033,withoutET_full_data,"{'SMT1': 31.111087676398355, 'SMT2': 62.87672847403152, 'SMT3': 59.09184418750054, 'SMT4': 46.135064354960925, 'CCx': 0.8891841312274309, 'WP': 33.42269532504816, 'Kcb': 1.0268777229946815, 'HI0': 0.5452506709778013, 'a_HI': 3.5782411992961567, 'Zmax': 2.0887784511503154}"
2,1,ET,75.78257176853025,91.75147377508105,-1.5002165861021037,-0.08918704961163752,withoutET_full_data,"{'SMT1': 31.111087676398355, 'SMT2': 62.87672847403152, 'SMT3': 59.09184418750054, 'SMT4': 46.135064354960925, 'CCx': 0.8891841312274309, 'WP': 33.42269532504816, 'Kcb': 1.0268777229946815, 'HI0': 0.5452506709778013, 'a_HI': 3.5782411992961567, 'Zmax': 2.0887784511503154}"
3,2,Irrigation,94.69601798566856,131.5353900357388,-0.4734018029361411,0.4533845878832889,withoutET_full_data,"{'SMT1': 30.0, 'SMT2': 50.323104462255664, 'SMT3': 64.98487389097609, 'SMT4': 46.34073323238642, 'CCx': 0.9155326904381276, 'WP': 33.29378177794459, 'Kcb': 1.0, 'HI0': 0.5265655009768602, 'a_HI': 2.4101562454826126, 'Zmax': 1.833392313996224}"
4,2,Yield,2.422427404238971,3.473759032436849,-0.6965544307175426,0.4063677133494877,withoutET_full_data,"{'SMT1': 30.0, 'SMT2': 50.323104462255664, 'SMT3': 64.98487389097609, 'SMT4': 46.34073323238642, 'CCx': 0.9155326904381276, 'WP': 33.29378177794459, 'Kcb': 1.0, 'HI0': 0.5265655009768602, 'a_HI': 2.4101562454826126, 'Zmax': 1.833392313996224}"
5,2,ET,62.31603297305888,78.63845057939136,-0.8366289684592305,-0.03266534828718901,withoutET_full_data,"{'SMT1': 30.0, 'SMT2': 50.323104462255664, 'SMT3': 64.98487389097609, 'SMT4': 46.34073323238642, 'CCx': 0.9155326904381276, 'WP': 33.29378177794459, 'Kcb': 1.0, 'HI0': 0.5265655009768602, 'a_HI': 2.4101562454826126, 'Zmax': 1.833392313996224}"
6,3,Irrigation,93.70766890798855,134.8543431628187,-0.5486947965744531,0.4232210624575415,withoutET_full_data,"{'SMT1': 32.04410341638676, 'SMT2': 54.2236265229742, 'SMT3': 53.46294644978007, 'SMT4': 34.62281866642067, 'CCx': 0.976863774700192, 'WP': 30.41876272540965, 'Kcb': 1.0000053219288776, 'HI0': 0.549658415510459, 'a_HI': 9.826201144767424, 'Zmax': 2.457167156855799}"
7,3,Yield,2.40179119707336,3.422779510235615,-0.6471238914892521,0.47990843146592177,withoutET_full_data,"{'SMT1': 32.04410341638676, 'SMT2': 54.2236265229742, 'SMT3': 53.46294644978007, 'SMT4': 34.62281866642067, 'CCx': 0.976863774700192, 'WP': 30.41876272540965, 'Kcb': 1.0000053219288776, 'HI0': 0.549658415510459, 'a_HI': 9.826201144767424, 'Zmax': 2.457167156855799}"
8,3,ET,65.14404182019197,80.5510582875711,-0.9270546683066752,-0.07181868451653375,withoutET_full_data,"{'SMT1': 32.04410341638676, 'SMT2': 54.2236265229742, 'SMT3': 53.46294644978007, 'SMT4': 34.62281866642067, 'CCx': 0.976863774700192, 'WP': 30.41876272540965, 'Kcb': 1.0000053219288776, 'HI0': 0.549658415510459, 'a_HI': 9.826201144767424, 'Zmax': 2.457167156855799}"
9,4,Irrigation,93.47633142542057,128.57368832389687,-0.4077974298535971,0.45098610953426616,withoutET_full_data,"{'SMT1': 30.0, 'SMT2': 52.11480214416602, 'SMT3': 59.260364826490566, 'SMT4': 49.43005663427683, 'CCx': 0.9516356421634828, 'WP': 30.77276110107589, 'Kcb': 1.0, 'HI0': 0.5499999785764799, 'a_HI': 2.6258006516640884, 'Zmax': 1.7182567012392678}"
10,4,Yield,2.280572542644305,3.3046079526768857,-0.5353532300659463,0.3836946738134816,withoutET_full_data,"{'SMT1': 30.0, 'SMT2': 52.11480214416602, 'SMT3': 59.260364826490566, 'SMT4': 49.43005663427683, 'CCx': 0.9516356421634828, 'WP': 30.77276110107589, 'Kcb': 1.0, 'HI0': 0.5499999785764799, 'a_HI': 2.6258006516640884, 'Zmax': 1.7182567012392678}"
11,4,ET,63.77323350507037,80.42393090230436,-0.9209768312423472,-0.05689116135676635,withoutET_full_data,"{'SMT1': 30.0, 'SMT2': 52.11480214416602, 'SMT3': 59.260364826490566, 'SMT4': 49.43005663427683, 'CCx': 0.9516356421634828, 'WP': 30.77276110107589, 'Kcb': 1.0, 'HI0': 0.5499999785764799, 'a_HI': 2.6258006516640884, 'Zmax': 1.7182567012392678}"
12,5,Irrigation,97.25225242694059,136.01435121461574,-0.5754529279219334,0.39697105374223424,withoutET_full_data,"{'SMT1': 30.0, 'SMT2': 50.36853223679646, 'SMT3': 55.74883960879027, 'SMT4': 58.18275586694394, 'CCx': 0.9708379669830652, 'WP': 34.95793474077496, 'Kcb': 1.0002709931911251, 'HI0': 0.4889946387882455, 'a_HI': 6.7845034828047215, 'Zmax': 2.490879754951744}"
13,5,Yield,2.284056962021297,3.2795821341942637,-0.5121868023467884,0.4289348581104633,withoutET_full_data,"{'SMT1': 30.0, 'SMT2': 50.36853223679646, 'SMT3': 55.74883960879027, 'SMT4': 58.18275586694394, 'CCx': 0.9708379669830652, 'WP': 34.95793474077496, 'Kcb': 1.0002709931911251, 'HI0': 0.4889946387882455, 'a_HI': 6.7845034828047215, 'Zmax': 2.490879754951744}"
14,5,ET,68.18836297623973,84.4972813814177,-1.1204937971658504,-0.07570732438203677,withoutET_full_data,"{'SMT1': 30.0, 'SMT2': 50.36853223679646, 'SMT3': 55.74883960879027, 'SMT4': 58.18275586694394, 'CCx': 0.9708379669830652, 'WP': 34.95793474077496, 'Kcb': 1.0002709931911251, 'HI0': 0.4889946387882455, 'a_HI': 6.7845034828047215, 'Zmax': 2.490879754951744}"
15,6,Irrigation,92.39000696213799,128.01144696320435,-0.39551200310521173,0.4615741379342244,withoutET_full_data,"{'SMT1': 30.0, 'SMT2': 52.0439488418171, 'SMT3': 56.025388879657605, 'SMT4': 42.58410776461368, 'CCx': 0.98, 'WP': 30.42061607682804, 'Kcb': 1.0, 'HI0': 0.5469871278746672, 'a_HI': 5.447107597005683, 'Zmax': 1.530150318032936}"
16,6,Yield,2.3838117541924806,3.4107943838678314,-0.6356090243304475,0.43907058310515124,withoutET_full_data,"{'SMT1': 30.0, 'SMT2': 52.0439488418171, 'SMT3': 56.025388879657605, 'SMT4': 42.58410776461368, 'CCx': 0.98, 'WP': 30.42061607682804, 'Kcb': 1.0, 'HI0': 0.5469871278746672, 'a_HI': 5.447107597005683, 'Zmax': 1.530150318032936}"
17,6,ET,61.85561309815196,78.0303999052511,-0.8083362964254011,0.0019690920177872573,withoutET_full_data,"{'SMT1': 30.0, 'SMT2': 52.0439488418171, 'SMT3': 56.025388879657605, 'SMT4': 42.58410776461368, 'CCx': 0.98, 'WP': 30.42061607682804, 'Kcb': 1.0, 'HI0': 0.5469871278746672, 'a_HI': 5.447107597005683, 'Zmax': 1.530150318032936}"
18,7,Irrigation,89.1536107991974,125.88397124753604,-0.34951225661452323,0.47523060824530544,withoutET_full_data,"{'SMT1': 30.0, 'SMT2': 54.5849609445023, 'SMT3': 64.90264506287886, 'SMT4': 46.65136132971288, 'CCx': 0.9616176274134304, 'WP': 33.57002357918587, 'Kcb': 1.00369077858893, 'HI0': 0.5060814417333918, 'a_HI': 8.17408672067139, 'Zmax': 1.7892230162066871}"
19,7,Yield,2.376390020986665,3.4390235875286006,-0.6627950721969014,0.3887034784864288,withoutET_full_data,"{'SMT1': 30.0, 'SMT2': 54.5849609445023, 'SMT3': 64.90264506287886, 'SMT4': 46.65136132971288, 'CCx': 0.9616176274134304, 'WP': 33.57002357918587, 'Kcb': 1.00369077858893, 'HI0': 0.5060814417333918, 'a_HI': 8.17408672067139, 'Zmax': 1.7892230162066871}"
20,7,ET,62.41745371468726,78.47531192717152,-0.8290165503595794,-0.015138409186723519,withoutET_full_data,"{'SMT1': 30.0, 'SMT2': 54.5849609445023, 'SMT3': 64.90264506287886, 'SMT4': 46.65136132971288, 'CCx': 0.9616176274134304, 'WP': 33.57002357918587, 'Kcb': 1.00369077858893, 'HI0': 0.5060814417333918, 'a_HI': 8.17408672067139, 'Zmax': 1.7892230162066871}"
21,8,Irrigation,99.78855227358426,138.55125600061726,-0.6347708960522551,0.4015991568026342,withoutET_full_data,"{'SMT1': 30.062783159876204, 'SMT2': 50.902365106970066, 'SMT3': 54.55103083514037, 'SMT4': 40.868595194093366, 'CCx': 0.9731533121920772, 'WP': 30.90684038937545, 'Kcb': 1.0, 'HI0': 0.5428471595496281, 'a_HI': 9.206602412825797, 'Zmax': 1.7856070390252952}"
22,8,Yield,2.122422630855347,3.122086603032747,-0.3704345878312614,0.3488526770692303,withoutET_full_data,"{'SMT1': 30.062783159876204, 'SMT2': 50.902365106970066, 'SMT3': 54.55103083514037, 'SMT4': 40.868595194093366, 'CCx': 0.9731533121920772, 'WP': 30.90684038937545, 'Kcb': 1.0, 'HI0': 0.5428471595496281, 'a_HI': 9.206602412825797, 'Zmax': 1.7856070390252952}"
23,8,ET,65.09905076879708,81.52033448147068,-0.9737104472528801,-0.15064668840212078,withoutET_full_data,"{'SMT1': 30.062783159876204, 'SMT2': 50.902365106970066, 'SMT3': 54.55103083514037, 'SMT4': 40.868595194093366, 'CCx': 0.9731533121920772, 'WP': 30.90684038937545, 'Kcb': 1.0, 'HI0': 0.5428471595496281, 'a_HI': 9.206602412825797, 'Zmax': 1.7856070390252952}"
24,9,Irrigation,90.10295828728312,123.1823127967919,-0.2922087303013401,0.47588493839224577,withoutET_full_data,"{'SMT1': 31.77506272744941, 'SMT2': 64.63653877636237, 'SMT3': 52.70345531410464, 'SMT4': 40.51014695379114, 'CCx': 0.967941770734217, 'WP': 30.24819896207816, 'Kcb': 1.0, 'HI0': 0.5479260968677332, 'a_HI': 1.252989157090598, 'Zmax': 2.3043682678444863}"
25,9,Yield,2.121368992005829,3.2009157690227745,-0.44051210333400803,0.40466521117629367,withoutET_full_data,"{'SMT1': 31.77506272744941, 'SMT2': 64.63653877636237, 'SMT3': 52.70345531410464, 'SMT4': 40.51014695379114, 'CCx': 0.967941770734217, 'WP': 30.24819896207816, 'Kcb': 1.0, 'HI0': 0.5479260968677332, 'a_HI': 1.252989157090598, 'Zmax': 2.3043682678444863}"
26,9,ET,67.57259717854177,83.81487788557567,-1.0863817118956036,-0.08872920412475346,withoutET_full_data,"{'SMT1': 31.77506272744941, 'SMT2': 64.63653877636237, 'SMT3': 52.70345531410464, 'SMT4': 40.51014695379114, 'CCx': 0.967941770734217, 'WP': 30.24819896207816, 'Kcb': 1.0, 'HI0': 0.5479260968677332, 'a_HI': 1.252989157090598, 'Zmax': 2.3043682678444863}"
27,10,Irrigation,96.82097563819738,132.00361225665603,-0.4839101130564307,0.47387834628778897,withoutET_full_data,"{'SMT1': 32.021801936406455, 'SMT2': 52.87602507198276, 'SMT3': 57.06078252256799, 'SMT4': 47.503985761006554, 'CCx': 0.9306240434969985, 'WP': 32.39302336209163, 'Kcb': 1.0000016371049385, 'HI0': 0.540412584241954, 'a_HI': 0.7685749245479494, 'Zmax': 2.429730479964613}"
28,10,Yield,2.3841344418337655,3.4208260333162186,-0.6452443077749517,0.38202147368171946,withoutET_full_data,"{'SMT1': 32.021801936406455, 'SMT2': 52.87602507198276, 'SMT3': 57.06078252256799, 'SMT4': 47.503985761006554, 'CCx': 0.9306240434969985, 'WP': 32.39302336209163, 'Kcb': 1.0000016371049385, 'HI0': 0.540412584241954, 'a_HI': 0.7685749245479494, 'Zmax': 2.429730479964613}"
29,10,ET,67.2247106887596,84.7142647191509,-1.131398351308467,-0.03433411643913811,withoutET_full_data,"{'SMT1': 32.021801936406455, 'SMT2': 52.87602507198276, 'SMT3': 57.06078252256799, 'SMT4': 47.503985761006554, 'CCx': 0.9306240434969985, 'WP': 32.39302336209163, 'Kcb': 1.0000016371049385, 'HI0': 0.540412584241954, 'a_HI': 0.7685749245479494, 'Zmax': 2.429730479964613}"
30,11,Irrigation,86.0969033673868,126.64354092247369,-0.3658469986731263,0.41901132167806365,withoutET_full_data,"{'SMT1': 30.0, 'SMT2': 62.7830176289788, 'SMT3': 59.90431219003099, 'SMT4': 54.89075107409534, 'CCx': 0.9752946630410164, 'WP': 32.884708660341914, 'Kcb': 1.0050948854281232, 'HI0': 0.5069214288375274, 'a_HI': 2.26583565217742, 'Zmax': 2.447082300242372}"
31,11,Yield,2.369050756677264,3.4592107739943225,-0.6823736958924354,0.39757890750823555,withoutET_full_data,"{'SMT1': 30.0, 'SMT2': 62.7830176289788, 'SMT3': 59.90431219003099, 'SMT4': 54.89075107409534, 'CCx': 0.9752946630410164, 'WP': 32.884708660341914, 'Kcb': 1.0050948854281232, 'HI0': 0.5069214288375274, 'a_HI': 2.26583565217742, 'Zmax': 2.447082300242372}"
32,11,ET,72.79826299617584,89.45030860822085,-1.3763763444573311,-0.11038319808856896,withoutET_full_data,"{'SMT1': 30.0, 'SMT2': 62.7830176289788, 'SMT3': 59.90431219003099, 'SMT4': 54.89075107409534, 'CCx': 0.9752946630410164, 'WP': 32.884708660341914, 'Kcb': 1.0050948854281232, 'HI0': 0.5069214288375274, 'a_HI': 2.26583565217742, 'Zmax': 2.447082300242372}"
33,12,Irrigation,88.63116896009001,125.02356891574392,-0.3311277806759638,0.4907751452547101,withoutET_full_data,"{'SMT1': 31.267073792364812, 'SMT2': 62.37539178352836, 'SMT3': 61.366386494691874, 'SMT4': 37.3766648204838, 'CCx': 0.8960280638640805, 'WP': 31.77774450789518, 'Kcb': 1.0001087119989809, 'HI0': 0.55, 'a_HI': 2.2365605260010666, 'Zmax': 1.933410065230676}"
34,12,Yield,2.462166296706914,3.5114061559461636,-0.7335267674182797,0.43510539021282946,withoutET_full_data,"{'SMT1': 31.267073792364812, 'SMT2': 62.37539178352836, 'SMT3': 61.366386494691874, 'SMT4': 37.3766648204838, 'CCx': 0.8960280638640805, 'WP': 31.77774450789518, 'Kcb': 1.0001087119989809, 'HI0': 0.55, 'a_HI': 2.2365605260010666, 'Zmax': 1.933410065230676}"
35,12,ET,65.53434134587448,81.80097213030551,-0.9873230231131143,-0.05300321572921586,withoutET_full_data,"{'SMT1': 31.267073792364812, 'SMT2': 62.37539178352836, 'SMT3': 61.366386494691874, 'SMT4': 37.3766648204838, 'CCx': 0.8960280638640805, 'WP': 31.77774450789518, 'Kcb': 1.0001087119989809, 'HI0': 0.55, 'a_HI': 2.2365605260010666, 'Zmax': 1.933410065230676}"
36,13,Irrigation,95.47545285591107,130.29564076714587,-0.4457584359517268,0.4520234792672539,withoutET_full_data,"{'SMT1': 30.0, 'SMT2': 53.37466968887224, 'SMT3': 54.629251475343914, 'SMT4': 40.6898053911625, 'CCx': 0.9526341971004408, 'WP': 30.0, 'Kcb': 1.020284012824069, 'HI0': 0.55, 'a_HI': 5.672795018333083, 'Zmax': 2.3922306774447897}"
37,13,Yield,2.1681757447522987,3.2824164479441196,-0.5148016866345511,0.3848442688681274,withoutET_full_data,"{'SMT1': 30.0, 'SMT2': 53.37466968887224, 'SMT3': 54.629251475343914, 'SMT4': 40.6898053911625, 'CCx': 0.9526341971004408, 'WP': 30.0, 'Kcb': 1.020284012824069, 'HI0': 0.55, 'a_HI': 5.672795018333083, 'Zmax': 2.3922306774447897}"
38,13,ET,67.29840345588968,82.67438345577575,-1.0299879678220516,-0.08409008367885751,withoutET_full_data,"{'SMT1': 30.0, 'SMT2': 53.37466968887224, 'SMT3': 54.629251475343914, 'SMT4': 40.6898053911625, 'CCx': 0.9526341971004408, 'WP': 30.0, 'Kcb': 1.020284012824069, 'HI0': 0.55, 'a_HI': 5.672795018333083, 'Zmax': 2.3922306774447897}"
39,14,Irrigation,88.42453171916735,127.54406086330404,-0.3853402221128126,0.46424241555577644,withoutET_full_data,"{'SMT1': 32.497812414246724, 'SMT2': 51.42500219567452, 'SMT3': 62.739568309526256, 'SMT4': 50.83950783346861, 'CCx': 0.9051294672406196, 'WP': 34.92742515543806, 'Kcb': 1.0044533970140948, 'HI0': 0.5189867202429168, 'a_HI': 7.644875347935988, 'Zmax': 2.1807331209353853}"
40,14,Yield,2.400547075336911,3.432845032207344,-0.6568256787147178,0.42039948484383444,withoutET_full_data,"{'SMT1': 32.497812414246724, 'SMT2': 51.42500219567452, 'SMT3': 62.739568309526256, 'SMT4': 50.83950783346861, 'CCx': 0.9051294672406196, 'WP': 34.92742515543806, 'Kcb': 1.0044533970140948, 'HI0': 0.5189867202429168, 'a_HI': 7.644875347935988, 'Zmax': 2.1807331209353853}"
41,14,ET,64.94478295050725,82.35483808006686,-1.0143260506753147,-0.03157010713062313,withoutET_full_data,"{'SMT1': 32.497812414246724, 'SMT2': 51.42500219567452, 'SMT3': 62.739568309526256, 'SMT4': 50.83950783346861, 'CCx': 0.9051294672406196, 'WP': 34.92742515543806, 'Kcb': 1.0044533970140948, 'HI0': 0.5189867202429168, 'a_HI': 7.644875347935988, 'Zmax': 2.1807331209353853}"
42,15,Irrigation,83.04615277537788,120.0965405207074,-0.22827880513922372,0.4650795720113232,withoutET_full_data,"{'SMT1': 30.0, 'SMT2': 50.01281364140532, 'SMT3': 62.12752233756962, 'SMT4': 42.0228553898389, 'CCx': 0.9523147128938898, 'WP': 34.24200302889704, 'Kcb': 1.0185886167921785, 'HI0': 0.4928149875189465, 'a_HI': 9.509288915336882, 'Zmax': 1.2319520422123844}"
43,15,Yield,2.3893544398689532,3.4662392119665952,-0.6892171480162126,0.42947521283524726,withoutET_full_data,"{'SMT1': 30.0, 'SMT2': 50.01281364140532, 'SMT3': 62.12752233756962, 'SMT4': 42.0228553898389, 'CCx': 0.9523147128938898, 'WP': 34.24200302889704, 'Kcb': 1.0185886167921785, 'HI0': 0.4928149875189465, 'a_HI': 9.509288915336882, 'Zmax': 1.2319520422123844}"
44,15,ET,65.735716311202,81.33584481085197,-0.964787099231762,-0.045157334938094366,withoutET_full_data,"{'SMT1': 30.0, 'SMT2': 50.01281364140532, 'SMT3': 62.12752233756962, 'SMT4': 42.0228553898389, 'CCx': 0.9523147128938898, 'WP': 34.24200302889704, 'Kcb': 1.0185886167921785, 'HI0': 0.4928149875189465, 'a_HI': 9.509288915336882, 'Zmax': 1.2319520422123844}"
45,16,Irrigation,87.56557785234466,122.95955304424734,-0.28753936148899784,0.4440847391218252,withoutET_full_data,"{'SMT1': 30.00687240668071, 'SMT2': 62.17076347338848, 'SMT3': 57.10339819812044, 'SMT4': 35.61728711101551, 'CCx': 0.98, 'WP': 31.564203269568925, 'Kcb': 1.0, 'HI0': 0.5499691751967667, 'a_HI': 7.591302205185698, 'Zmax': 1.6240703909467784}"
46,16,Yield,2.3086100871443014,3.311641191772259,-0.5418956083552087,0.41159009811411396,withoutET_full_data,"{'SMT1': 30.00687240668071, 'SMT2': 62.17076347338848, 'SMT3': 57.10339819812044, 'SMT4': 35.61728711101551, 'CCx': 0.98, 'WP': 31.564203269568925, 'Kcb': 1.0, 'HI0': 0.5499691751967667, 'a_HI': 7.591302205185698, 'Zmax': 1.6240703909467784}"
47,16,ET,68.17899446631743,83.93613992703118,-1.092423167289616,-0.09572983621726847,withoutET_full_data,"{'SMT1': 30.00687240668071, 'SMT2': 62.17076347338848, 'SMT3': 57.10339819812044, 'SMT4': 35.61728711101551, 'CCx': 0.98, 'WP': 31.564203269568925, 'Kcb': 1.0, 'HI0': 0.5499691751967667, 'a_HI': 7.591302205185698, 'Zmax': 1.6240703909467784}"
48,17,Irrigation,89.07049004716788,123.54360921218114,-0.2997999995687177,0.4808194401843668,withoutET_full_data,"{'SMT1': 30.0, 'SMT2': 61.50945617946886, 'SMT3': 64.74678830589443, 'SMT4': 37.161664398020186, 'CCx': 0.9638200116724714, 'WP': 32.49498153294086, 'Kcb': 1.000473209316776, 'HI0': 0.5180671430616615, 'a_HI': 4.201721655486342, 'Zmax': 2.1872128636893815}"
49,17,Yield,2.296554042885768,3.3555970334934044,-0.5830988128382624,0.41408468650825253,withoutET_full_data,"{'SMT1': 30.0, 'SMT2': 61.50945617946886, 'SMT3': 64.74678830589443, 'SMT4': 37.161664398020186, 'CCx': 0.9638200116724714, 'WP': 32.49498153294086, 'Kcb': 1.000473209316776, 'HI0': 0.5180671430616615, 'a_HI': 4.201721655486342, 'Zmax': 2.1872128636893815}"
50,17,ET,65.25230819166781,82.02364795466693,-0.9981573958428822,-0.05991323286090753,withoutET_full_data,"{'SMT1': 30.0, 'SMT2': 61.50945617946886, 'SMT3': 64.74678830589443, 'SMT4': 37.161664398020186, 'CCx': 0.9638200116724714, 'WP': 32.49498153294086, 'Kcb': 1.000473209316776, 'HI0': 0.5180671430616615, 'a_HI': 4.201721655486342, 'Zmax': 2.1872128636893815}"
51,18,Irrigation,80.58543658388326,116.54499360828166,-0.15670658469545828,0.4803997999692517,withoutET_full_data,"{'SMT1': 30.00049793166522, 'SMT2': 63.29917061192498, 'SMT3': 61.71558554340063, 'SMT4': 58.67755767228254, 'CCx': 0.9335209956776296, 'WP': 30.993130681316853, 'Kcb': 1.0000472361581445, 'HI0': 0.5491380605597651, 'a_HI': 1.9839347175820117, 'Zmax': 1.5910423685081003}"
52,18,Yield,2.394406184218189,3.474200944224371,-0.6969861101070025,0.3957011403223812,withoutET_full_data,"{'SMT1': 30.00049793166522, 'SMT2': 63.29917061192498, 'SMT3': 61.71558554340063, 'SMT4': 58.67755767228254, 'CCx': 0.9335209956776296, 'WP': 30.993130681316853, 'Kcb': 1.0000472361581445, 'HI0': 0.5491380605597651, 'a_HI': 1.9839347175820117, 'Zmax': 1.5910423685081003}"
53,18,ET,70.76860663328655,86.617940531711,-1.2282670645534446,-0.06558404825040863,withoutET_full_data,"{'SMT1': 30.00049793166522, 'SMT2': 63.29917061192498, 'SMT3': 61.71558554340063, 'SMT4': 58.67755767228254, 'CCx': 0.9335209956776296, 'WP': 30.993130681316853, 'Kcb': 1.0000472361581445, 'HI0': 0.5491380605597651, 'a_HI': 1.9839347175820117, 'Zmax': 1.5910423685081003}"
54,19,Irrigation,90.156088129749,125.36768256706438,-0.33846543107025995,0.437634586266935,withoutET_full_data,"{'SMT1': 32.033926893468944, 'SMT2': 53.491543881349045, 'SMT3': 53.185237125071865, 'SMT4': 60.0, 'CCx': 0.9118776487053684, 'WP': 31.33191773779551, 'Kcb': 1.0081215894210784, 'HI0': 0.5499104177286677, 'a_HI': 9.28177989458506, 'Zmax': 1.9654854054369484}"
55,19,Yield,2.253297169929368,3.1972703713999917,-0.43723288603474764,0.4461217772604325,withoutET_full_data,"{'SMT1': 32.033926893468944, 'SMT2': 53.491543881349045, 'SMT3': 53.185237125071865, 'SMT4': 60.0, 'CCx': 0.9118776487053684, 'WP': 31.33191773779551, 'Kcb': 1.0081215894210784, 'HI0': 0.5499104177286677, 'a_HI': 9.28177989458506, 'Zmax': 1.9654854054369484}"
56,19,ET,69.86958939122513,86.9142307032132,-1.2435374071287457,-0.07645489252683134,withoutET_full_data,"{'SMT1': 32.033926893468944, 'SMT2': 53.491543881349045, 'SMT3': 53.185237125071865, 'SMT4': 60.0, 'CCx': 0.9118776487053684, 'WP': 31.33191773779551, 'Kcb': 1.0081215894210784, 'HI0': 0.5499104177286677, 'a_HI': 9.28177989458506, 'Zmax': 1.9654854054369484}"
57,20,Irrigation,89.00289071835104,125.26069001670855,-0.33618183263370405,0.4713966096858604,withoutET_full_data,"{'SMT1': 32.088039094758535, 'SMT2': 63.84324624395984, 'SMT3': 65.0, 'SMT4': 48.66300886057644, 'CCx': 0.9428406240311056, 'WP': 30.1609458489148, 'Kcb': 1.0023691012061768, 'HI0': 0.5442878533985113, 'a_HI': 2.251687522699262, 'Zmax': 2.24192392305175}"
58,20,Yield,2.373185634981544,3.4251499356041726,-0.6494060929718681,0.42092542097065816,withoutET_full_data,"{'SMT1': 32.088039094758535, 'SMT2': 63.84324624395984, 'SMT3': 65.0, 'SMT4': 48.66300886057644, 'CCx': 0.9428406240311056, 'WP': 30.1609458489148, 'Kcb': 1.0023691012061768, 'HI0': 0.5442878533985113, 'a_HI': 2.251687522699262, 'Zmax': 2.24192392305175}"
59,20,ET,68.37114459356164,84.85672561008548,-1.138572968711916,-0.07691162825321379,withoutET_full_data,"{'SMT1': 32.088039094758535, 'SMT2': 63.84324624395984, 'SMT3': 65.0, 'SMT4': 48.66300886057644, 'CCx': 0.9428406240311056, 'WP': 30.1609458489148, 'Kcb': 1.0023691012061768, 'HI0': 0.5442878533985113, 'a_HI': 2.251687522699262, 'Zmax': 2.24192392305175}"
60,21,Irrigation,92.46782663200794,126.97083306918039,-0.372915794079429,0.4360187346395908,withoutET_full_data,"{'SMT1': 30.201442220660685, 'SMT2': 63.51540069723709, 'SMT3': 50.97016123246255, 'SMT4': 48.412581771505295, 'CCx': 0.9663168701812463, 'WP': 32.39071418799629, 'Kcb': 1.0002996853231911, 'HI0': 0.5302466214047964, 'a_HI': 4.388571313732381, 'Zmax': 2.1556397835333256}"
61,21,Yield,2.3397815020913995,3.3610991112935937,-0.5882945939705815,0.4291617688367529,withoutET_full_data,"{'SMT1': 30.201442220660685, 'SMT2': 63.51540069723709, 'SMT3': 50.97016123246255, 'SMT4': 48.412581771505295, 'CCx': 0.9663168701812463, 'WP': 32.39071418799629, 'Kcb': 1.0002996853231911, 'HI0': 0.5302466214047964, 'a_HI': 4.388571313732381, 'Zmax': 2.1556397835333256}"
62,21,ET,72.583154465619,89.18137512515547,-1.362108613792207,-0.12517105735840622,withoutET_full_data,"{'SMT1': 30.201442220660685, 'SMT2': 63.51540069723709, 'SMT3': 50.97016123246255, 'SMT4': 48.412581771505295, 'CCx': 0.9663168701812463, 'WP': 32.39071418799629, 'Kcb': 1.0002996853231911, 'HI0': 0.5302466214047964, 'a_HI': 4.388571313732381, 'Zmax': 2.1556397835333256}"
63,22,Irrigation,76.08458848907111,110.62258085995155,-0.04213393018739642,0.4821694716736431,withoutET_full_data,"{'SMT1': 30.0, 'SMT2': 62.99019634688688, 'SMT3': 65.0, 'SMT4': 60.0, 'CCx': 0.9783725764021448, 'WP': 30.0, 'Kcb': 1.0000074562281152, 'HI0': 0.5498425361513638, 'a_HI': 2.8599234575850216, 'Zmax': 1.2816150437253016}"
64,22,Yield,2.4046702514823273,3.4803597855015407,-0.7030080599693258,0.35966830132955735,withoutET_full_data,"{'SMT1': 30.0, 'SMT2': 62.99019634688688, 'SMT3': 65.0, 'SMT4': 60.0, 'CCx': 0.9783725764021448, 'WP': 30.0, 'Kcb': 1.0000074562281152, 'HI0': 0.5498425361513638, 'a_HI': 2.8599234575850216, 'Zmax': 1.2816150437253016}"
65,22,ET,72.85112746951057,88.85676210441368,-1.3449441392895607,-0.06339462067578863,withoutET_full_data,"{'SMT1': 30.0, 'SMT2': 62.99019634688688, 'SMT3': 65.0, 'SMT4': 60.0, 'CCx': 0.9783725764021448, 'WP': 30.0, 'Kcb': 1.0000074562281152, 'HI0': 0.5498425361513638, 'a_HI': 2.8599234575850216, 'Zmax': 1.2816150437253016}"
66,23,Irrigation,93.38165669291907,132.16764032568457,-0.4876002262718484,0.41668965373070654,withoutET_full_data,"{'SMT1': 32.090796640729295, 'SMT2': 53.43364582496181, 'SMT3': 59.330315260398734, 'SMT4': 47.04586842525648, 'CCx': 0.9209219290704174, 'WP': 31.955786708089036, 'Kcb': 1.0014547950948014, 'HI0': 0.5499601090191261, 'a_HI': 1.4582140344041088, 'Zmax': 2.036708199474764}"
67,23,Yield,2.2519892661603502,3.3124131178617806,-0.5426145075937303,0.4101008262822222,withoutET_full_data,"{'SMT1': 32.090796640729295, 'SMT2': 53.43364582496181, 'SMT3': 59.330315260398734, 'SMT4': 47.04586842525648, 'CCx': 0.9209219290704174, 'WP': 31.955786708089036, 'Kcb': 1.0014547950948014, 'HI0': 0.5499601090191261, 'a_HI': 1.4582140344041088, 'Zmax': 2.036708199474764}"
68,23,ET,66.76521378745271,83.44002047757063,-1.0677609915519755,-0.08430297514068057,withoutET_full_data,"{'SMT1': 32.090796640729295, 'SMT2': 53.43364582496181, 'SMT3': 59.330315260398734, 'SMT4': 47.04586842525648, 'CCx': 0.9209219290704174, 'WP': 31.955786708089036, 'Kcb': 1.0014547950948014, 'HI0': 0.5499601090191261, 'a_HI': 1.4582140344041088, 'Zmax': 2.036708199474764}"
69,24,Irrigation,87.42625653657423,124.76867911889738,-0.3257056825771525,0.45686725785842497,withoutET_full_data,"{'SMT1': 30.045381683014817, 'SMT2': 56.91419313555516, 'SMT3': 55.04989992073633, 'SMT4': 39.84293485582917, 'CCx': 0.9456725854717412, 'WP': 30.541383368532184, 'Kcb': 1.0089888136555225, 'HI0': 0.55, 'a_HI': 4.46852729335902, 'Zmax': 1.9133000934625837}"
70,24,Yield,2.27755014384566,3.3853573204495127,-0.611303865858752,0.39668525648667347,withoutET_full_data,"{'SMT1': 30.045381683014817, 'SMT2': 56.91419313555516, 'SMT3': 55.04989992073633, 'SMT4': 39.84293485582917, 'CCx': 0.9456725854717412, 'WP': 30.541383368532184, 'Kcb': 1.0089888136555225, 'HI0': 0.55, 'a_HI': 4.46852729335902, 'Zmax': 1.9133000934625837}"
71,24,ET,65.42037372090066,81.35469702419167,-0.9656980107327111,-0.04772691768400026,withoutET_full_data,"{'SMT1': 30.045381683014817, 'SMT2': 56.91419313555516, 'SMT3': 55.04989992073633, 'SMT4': 39.84293485582917, 'CCx': 0.9456725854717412, 'WP': 30.541383368532184, 'Kcb': 1.0089888136555225, 'HI0': 0.55, 'a_HI': 4.46852729335902, 'Zmax': 1.9133000934625837}"
72,25,Irrigation,92.30490154824578,130.78977958189304,-0.45674514320619397,0.36758313516638125,withoutET_full_data,"{'SMT1': 30.04834389949347, 'SMT2': 64.99785755740238, 'SMT3': 54.2542381028146, 'SMT4': 59.05538411071391, 'CCx': 0.9793136934704948, 'WP': 30.008533354833904, 'Kcb': 1.0000365710904535, 'HI0': 0.5499865220230782, 'a_HI': 7.777694965798017, 'Zmax': 2.1443361646421413}"
73,25,Yield,2.0606850338979217,3.019782879400551,-0.2820939675617198,0.44684643610331065,withoutET_full_data,"{'SMT1': 30.04834389949347, 'SMT2': 64.99785755740238, 'SMT3': 54.2542381028146, 'SMT4': 59.05538411071391, 'CCx': 0.9793136934704948, 'WP': 30.008533354833904, 'Kcb': 1.0000365710904535, 'HI0': 0.5499865220230782, 'a_HI': 7.777694965798017, 'Zmax': 2.1443361646421413}"
74,25,ET,73.29717373395123,90.82296633042502,-1.4498692030536282,-0.11561728976406369,withoutET_full_data,"{'SMT1': 30.04834389949347, 'SMT2': 64.99785755740238, 'SMT3': 54.2542381028146, 'SMT4': 59.05538411071391, 'CCx': 0.9793136934704948, 'WP': 30.008533354833904, 'Kcb': 1.0000365710904535, 'HI0': 0.5499865220230782, 'a_HI': 7.777694965798017, 'Zmax': 2.1443361646421413}"
75,26,Irrigation,89.43380043297402,126.47461344488359,-0.3622056727286993,0.4218970497313073,withoutET_full_data,"{'SMT1': 31.009774972661756, 'SMT2': 53.02789426358561, 'SMT3': 51.38937431915625, 'SMT4': 57.5127391200908, 'CCx': 0.98, 'WP': 30.129916797779742, 'Kcb': 1.0008840209144385, 'HI0': 0.55, 'a_HI': 10.0, 'Zmax': 1.8640128930683828}"
76,26,Yield,2.040986979426992,3.000254247231709,-0.2655652402566706,0.46933738397187996,withoutET_full_data,"{'SMT1': 31.009774972661756, 'SMT2': 53.02789426358561, 'SMT3': 51.38937431915625, 'SMT4': 57.5127391200908, 'CCx': 0.98, 'WP': 30.129916797779742, 'Kcb': 1.0008840209144385, 'HI0': 0.55, 'a_HI': 10.0, 'Zmax': 1.8640128930683828}"
77,26,ET,66.74917781394883,83.96906716931618,-1.0940651593700017,-0.07508318982552199,withoutET_full_data,"{'SMT1': 31.009774972661756, 'SMT2': 53.02789426358561, 'SMT3': 51.38937431915625, 'SMT4': 57.5127391200908, 'CCx': 0.98, 'WP': 30.129916797779742, 'Kcb': 1.0008840209144385, 'HI0': 0.55, 'a_HI': 10.0, 'Zmax': 1.8640128930683828}"
78,27,Irrigation,94.12712850600325,138.4530520911766,-0.6324542949231213,0.3198670048417924,withoutET_full_data,"{'SMT1': 31.38810035187998, 'SMT2': 55.92694577257908, 'SMT3': 53.230102281490346, 'SMT4': 41.261951174451426, 'CCx': 0.9752153466098448, 'WP': 30.453041308084813, 'Kcb': 1.0017982082689627, 'HI0': 0.5450009705315877, 'a_HI': 1.4307576585639858, 'Zmax': 1.636005633700334}"
79,27,Yield,2.22980851018461,3.218863907047154,-0.4567118395862435,0.4431398995611176,withoutET_full_data,"{'SMT1': 31.38810035187998, 'SMT2': 55.92694577257908, 'SMT3': 53.230102281490346, 'SMT4': 41.261951174451426, 'CCx': 0.9752153466098448, 'WP': 30.453041308084813, 'Kcb': 1.0017982082689627, 'HI0': 0.5450009705315877, 'a_HI': 1.4307576585639858, 'Zmax': 1.636005633700334}"
80,27,ET,66.4082357953008,83.09338589988113,-1.0506164932043625,-0.09674294471194693,withoutET_full_data,"{'SMT1': 31.38810035187998, 'SMT2': 55.92694577257908, 'SMT3': 53.230102281490346, 'SMT4': 41.261951174451426, 'CCx': 0.9752153466098448, 'WP': 30.453041308084813, 'Kcb': 1.0017982082689627, 'HI0': 0.5450009705315877, 'a_HI': 1.4307576585639858, 'Zmax': 1.636005633700334}"
81,28,Irrigation,86.93603484637423,121.88107216792496,-0.265052342248588,0.4892160906651686,withoutET_full_data,"{'SMT1': 30.013281933742924, 'SMT2': 61.29204629263493, 'SMT3': 57.028526521168736, 'SMT4': 38.04176771091942, 'CCx': 0.9647242244056264, 'WP': 32.760869825896634, 'Kcb': 1.0008633595054388, 'HI0': 0.5136415598648078, 'a_HI': 3.916521909692967, 'Zmax': 2.011317136485012}"
82,28,Yield,2.44229296759881,3.529050547039481,-0.7509920624831845,0.43797103240060614,withoutET_full_data,"{'SMT1': 30.013281933742924, 'SMT2': 61.29204629263493, 'SMT3': 57.028526521168736, 'SMT4': 38.04176771091942, 'CCx': 0.9647242244056264, 'WP': 32.760869825896634, 'Kcb': 1.0008633595054388, 'HI0': 0.5136415598648078, 'a_HI': 3.916521909692967, 'Zmax': 2.011317136485012}"
83,28,ET,65.93827436932195,81.6075477328188,-0.9779357925901548,-0.0474195524225726,withoutET_full_data,"{'SMT1': 30.013281933742924, 'SMT2': 61.29204629263493, 'SMT3': 57.028526521168736, 'SMT4': 38.04176771091942, 'CCx': 0.9647242244056264, 'WP': 32.760869825896634, 'Kcb': 1.0008633595054388, 'HI0': 0.5136415598648078, 'a_HI': 3.916521909692967, 'Zmax': 2.011317136485012}"
84,29,Irrigation,94.26479850058269,132.08384430814783,-0.4857145081354457,0.3988006395810025,withoutET_full_data,"{'SMT1': 30.052122878673902, 'SMT2': 52.175805438590146, 'SMT3': 55.12419568638873, 'SMT4': 47.97543412614937, 'CCx': 0.98, 'WP': 30.64818858436547, 'Kcb': 1.0000680874639372, 'HI0': 0.5424867387130177, 'a_HI': 3.5324735543643655, 'Zmax': 1.8581558556842075}"
85,29,Yield,2.1406448034829877,3.10278642788488,-0.35354340093118064,0.4220482267056449,withoutET_full_data,"{'SMT1': 30.052122878673902, 'SMT2': 52.175805438590146, 'SMT3': 55.12419568638873, 'SMT4': 47.97543412614937, 'CCx': 0.98, 'WP': 30.64818858436547, 'Kcb': 1.0000680874639372, 'HI0': 0.5424867387130177, 'a_HI': 3.5324735543643655, 'Zmax': 1.8581558556842075}"
86,29,ET,64.4071408244795,81.5916008181108,-0.9771628520361706,-0.07802352949648646,withoutET_full_data,"{'SMT1': 30.052122878673902, 'SMT2': 52.175805438590146, 'SMT3': 55.12419568638873, 'SMT4': 47.97543412614937, 'CCx': 0.98, 'WP': 30.64818858436547, 'Kcb': 1.0000680874639372, 'HI0': 0.5424867387130177, 'a_HI': 3.5324735543643655, 'Zmax': 1.8581558556842075}"
87,30,Irrigation,85.03020447850848,119.89631453174358,-0.2241866251925817,0.48061683358297175,withoutET_full_data,"{'SMT1': 30.049851111293293, 'SMT2': 62.20029571725633, 'SMT3': 58.16182000366859, 'SMT4': 50.392445850102575, 'CCx': 0.9799054959532248, 'WP': 30.81442789126106, 'Kcb': 1.0, 'HI0': 0.55, 'a_HI': 2.7525068078497523, 'Zmax': 1.6049488097177511}"
88,30,Yield,2.2792244908910373,3.2934960670145967,-0.5250452079514356,0.4128403716669519,withoutET_full_data,"{'SMT1': 30.049851111293293, 'SMT2': 62.20029571725633, 'SMT3': 58.16182000366859, 'SMT4': 50.392445850102575, 'CCx': 0.9799054959532248, 'WP': 30.81442789126106, 'Kcb': 1.0, 'HI0': 0.55, 'a_HI': 2.7525068078497523, 'Zmax': 1.6049488097177511}"
89,30,ET,69.05916630475248,84.84274112071441,-1.1378681480534967,-0.06943756854602558,withoutET_full_data,"{'SMT1': 30.049851111293293, 'SMT2': 62.20029571725633, 'SMT3': 58.16182000366859, 'SMT4': 50.392445850102575, 'CCx': 0.9799054959532248, 'WP': 30.81442789126106, 'Kcb': 1.0, 'HI0': 0.55, 'a_HI': 2.7525068078497523, 'Zmax': 1.6049488097177511}"
